<?xml version="1.0" encoding="UTF-8"?>
<project-private xmlns="http://www.netbeans.org/ns/project-private/1">
    <editor-bookmarks xmlns="http://www.netbeans.org/ns/editor-bookmarks/2" lastBookmarkId="0"/>
    <open-files xmlns="http://www.netbeans.org/ns/projectui-open-files/2">
        <group>
            <file>file:/C:/Users/bragh/OneDrive/Escritorio/Desarrollo%20de%20Software/Ciclo-III/Manejo%20de%20Estructuras%20de%20Datos/Servicios_Aeroportuarios/Servicios_Aeroportuarios/src/Formularios/frm_Servicios.java</file>
            <file>file:/C:/Users/bragh/OneDrive/Escritorio/Desarrollo%20de%20Software/Ciclo-III/Manejo%20de%20Estructuras%20de%20Datos/Servicios_Aeroportuarios/Servicios_Aeroportuarios/src/Main/Main.java</file>
            <file>file:/C:/Users/bragh/OneDrive/Escritorio/Desarrollo%20de%20Software/Ciclo-III/Manejo%20de%20Estructuras%20de%20Datos/Servicios_Aeroportuarios/Servicios_Aeroportuarios/src/Ordenamiento/OrdenarVuelos.java</file>
            <file>file:/C:/Users/bragh/OneDrive/Escritorio/Desarrollo%20de%20Software/Ciclo-III/Manejo%20de%20Estructuras%20de%20Datos/Servicios_Aeroportuarios/Servicios_Aeroportuarios/src/Entidades/Vuelo.java</file>
            <file>file:/C:/Users/bragh/OneDrive/Escritorio/Desarrollo%20de%20Software/Ciclo-III/Manejo%20de%20Estructuras%20de%20Datos/Servicios_Aeroportuarios/Servicios_Aeroportuarios/src/Entidades/Aerolinea.java</file>
        </group>
    </open-files>
</project-private>
